test.txt,Kokot@123456789
new 11.txt,Kokot@123456789
(1)-new 11.txt,Kokot@123456789
publicKeySebo.txt,Kokot@123456789
(1)-publicKeySebo.txt,Kokot@123456789
(2)-publicKeySebo.txt,Kokot@123456789
(3)-publicKeySebo.txt,Mock@123456789
(4)-publicKeySebo.txt,Mock@123456789
(5)-publicKeySebo.txt,Kokot@123456789
11.txt,Kokot@123456789
(1)-11.txt,Kokot@123456789
(2)-11.txt,Kokot@123456789
11SKUSKAMADAFAGA.txt,Kokot@123456789
(1)-11SKUSKAMADAFAGA.txt,Kokot@123456789
TRALALALA.txt,Kokot@123456789
TRALALAL222.txt,Kokot@123456789
asdglkasdjgas.txt,Kokot@123456789
MartinFilo.txt,Kokot@123456789
(1)-MartinFilo.txt,Kokot@123456789
MyPrivateKey.txt,SvaRoq@123456789
bla.txt,Homozygotka.112
testik.txt,Kokot@123456789
